{"is_source_file": false, "format": "", "description": "", "external_files": [], "external_methods": [], "published": [], "classes": [], "methods": [], "calls": [], "search-terms": [], "state": 2, "file_id": 12, "knowledge_revision": 19, "git_revision": "5c45010845c15f00c69146d0431fe15a9d56f485", "hash": "793b0c6fa30e66166cd38763235fd84e", "format-version": 4, "code-base-name": "tic_tac_toe_frontend", "filename": "README.md", "revision_history": [{"19": "5c45010845c15f00c69146d0431fe15a9d56f485"}]}