{"is_source_file": true, "format": "JavaScript (React JSX)", "description": "This file is a React component named 'App' that manages a theme toggle (light/dark) using React hooks. It renders a button to switch themes, displays a logo, and includes some informational text and a link.", "external_files": ["./logo.svg", "./App.css"], "external_methods": ["React.useState", "React.useEffect"], "published": ["App"], "classes": [], "methods": [{"name": "App()", "description": "React functional component that manages theme state and renders UI elements including a theme toggle button, logo, and informational text.", "scope": "", "scopeKind": ""}, {"name": "toggleTheme", "description": "Function to switch the theme state between 'light' and 'dark'."}], "calls": ["React.useState", "React.useEffect", "document.documentElement.setAttribute", "setTheme"], "search-terms": ["React theme toggle", "useState hook", "React useEffect", "App React component"], "state": 2, "file_id": 5, "knowledge_revision": 24, "git_revision": "698b371ade26248f99928314444f1d31356a2b54", "ctags": [{"_type": "tag", "name": "App", "path": "/home/kavia/workspace/code-generation/online-tic-tac-toe-304916-304925/tic_tac_toe_frontend/src/App.js", "pattern": "/^function App() {$/", "language": "JavaScript", "kind": "function", "signature": "()"}, {"_type": "tag", "name": "Switch to ${theme === 'light' ? 'dark' : 'light'} mode", "path": "/home/kavia/workspace/code-generation/online-tic-tac-toe-304916-304925/tic_tac_toe_frontend/src/App.js", "pattern": "/^          aria-label={`Switch to ${theme === 'light' ? 'dark' : 'light'} mode`}$/", "language": "JavaScript", "kind": "field", "scope": "App.aria", "scopeKind": "class"}, {"_type": "tag", "name": "toggleTheme", "path": "/home/kavia/workspace/code-generation/online-tic-tac-toe-304916-304925/tic_tac_toe_frontend/src/App.js", "pattern": "/^          onClick={toggleTheme}$/", "language": "JavaScript", "kind": "field", "scope": "App.onClick", "scopeKind": "class"}], "hash": "b55dd9e6a018e59207d8e277dffd9e11", "format-version": 4, "code-base-name": "tic_tac_toe_frontend", "filename": "tic_tac_toe_frontend/src/App.js", "fields": [{"name": "aria-label={`Switch to ${theme === 'light' ? 'dark' : 'light'} mode`}", "scope": "App.aria", "scopeKind": "class", "description": "unavailable"}, {"name": "onClick={toggleTheme}", "scope": "App.onClick", "scopeKind": "class", "description": "unavailable"}], "revision_history": [{"24": "698b371ade26248f99928314444f1d31356a2b54"}]}