{"is_source_file": false, "format": "", "description": "", "external_files": [], "external_methods": [], "published": [], "classes": [], "methods": [], "calls": [], "search-terms": ["CSS", "variables", "theme", "dark mode", "responsive design", "App", "App-header", "theme-toggle"], "state": 2, "file_id": 1, "knowledge_revision": 18, "git_revision": "698b371ade26248f99928314444f1d31356a2b54", "hash": "22f9e17cc1848b56dbb244518ac2707e", "format-version": 4, "code-base-name": "tic_tac_toe_frontend", "filename": "tic_tac_toe_frontend/src/App.css", "revision_history": [{"18": "698b371ade26248f99928314444f1d31356a2b54"}]}