{"is_source_file": true, "format": "JavaScript", "description": "This is a JavaScript source file using React to render the main App component into the DOM.", "external_files": ["./index.css", "./App"], "external_methods": ["ReactDOM.createRoot", "root.render"], "published": [], "classes": [], "methods": [], "calls": ["ReactDOM.createRoot", "root.render", "React.StrictMode", "App"], "search-terms": ["React", "ReactDOM", "createRoot", "render", "StrictMode", "index.js"], "state": 2, "file_id": 3, "knowledge_revision": 21, "git_revision": "698b371ade26248f99928314444f1d31356a2b54", "ctags": [{"_type": "tag", "name": "root", "path": "/home/kavia/workspace/code-generation/online-tic-tac-toe-304916-304925/tic_tac_toe_frontend/src/index.js", "pattern": "/^const root = ReactDOM.createRoot(document.getElementById('root'));$/", "language": "JavaScript", "kind": "constant"}], "hash": "9fc5841375336fc175b49f8767a11383", "format-version": 4, "code-base-name": "tic_tac_toe_frontend", "filename": "tic_tac_toe_frontend/src/index.js", "revision_history": [{"21": "698b371ade26248f99928314444f1d31356a2b54"}]}